label,f1,prec,rec
0,0.7505617737770081,0.6139705777168274,0.9653179049491882
1,0.5229358077049255,0.60317462682724,0.4615384638309479
2,0.7482876777648926,0.7048386931419373,0.7974452376365662
3,0.22580644488334656,0.25925925374031067,0.20000000298023224
4,0.42659279704093933,0.5310344696044922,0.35648149251937866
5,0.6642335653305054,0.7338709831237793,0.6066666841506958