label,f1,prec,rec
0,0.8676056265830994,0.8461538553237915,0.8901734352111816
1,0.6625258922576904,0.6779661178588867,0.647773265838623
2,0.7980132699012756,0.7303030490875244,0.8795620203018188
3,0.5,0.5151515007019043,0.48571428656578064
4,0.530259370803833,0.7022900581359863,0.42592594027519226
5,0.7885304689407349,0.8527131676673889,0.7333333492279053