label,f1,prec,rec
0,0.744303822517395,0.662162184715271,0.849711000919342
1,0.5444015264511108,0.5202952027320862,0.5708501935005188
2,0.6915708780288696,0.7278226017951965,0.6587591171264648
3,0.2222222238779068,0.25,0.20000000298023224
4,0.47787609696388245,0.4576271176338196,0.5
5,0.6739926934242249,0.7479674816131592,0.6133333444595337