label,f1,prec,rec
0,0.9136490225791931,0.8817204236984253,0.9479768872261047
1,0.6474820375442505,0.7941176295280457,0.546558678150177
2,0.8003314137458801,0.7329286932945251,0.8813868761062622
3,0.5398772954940796,0.47311827540397644,0.6285714507102966
4,0.5505050420761108,0.605555534362793,0.5046296119689941
5,0.8120300769805908,0.931034505367279,0.7200000286102295