label,f1,prec,rec
0,0.8159999847412109,0.7574257254600525,0.884393036365509
1,0.6315789222717285,0.6578947305679321,0.6072874665260315
2,0.7544605135917664,0.7058823704719543,0.8102189898490906
3,0.20000000298023224,0.2750000059604645,0.15714286267757416
4,0.45077720284461975,0.5117647051811218,0.4027777910232544
5,0.800000011920929,0.8444444537162781,0.7599999904632568